{"cameraMode":{"drawMode":0,"name":"Shaded","section":"Shading Mode"},"sceneLighting":true,"audioPlay":false,"sceneViewState":{"showFog":false,"showMaterialUpdate":false,"showSkybox":false,"showFlares":false,"showImageEffects":false,"showParticleSystems":false},"in2DMode":false,"pivot":{"x":0.25764769315719607,"y":3.467109203338623,"z":5.8335676193237309},"rotation":{"x":0.03703378140926361,"y":0.9109512567520142,"z":-0.4022350609302521,"w":0.0838610976934433},"size":15.32995891571045,"orthographic":false}