{"cameraMode":{"drawMode":0,"name":"Shaded","section":"Shading Mode"},"sceneLighting":true,"audioPlay":false,"sceneViewState":{"showFog":false,"showMaterialUpdate":false,"showSkybox":false,"showFlares":false,"showImageEffects":false,"showParticleSystems":false},"in2DMode":false,"pivot":{"x":0.5111857652664185,"y":2.7425687313079836,"z":1.036624789237976},"rotation":{"x":-0.11265447735786438,"y":0.8713665008544922,"z":-0.41482070088386538,"w":-0.2366611510515213},"size":6.7203216552734379,"orthographic":false}