{"cameraMode":{"drawMode":0,"name":"Shaded","section":"Shading Mode"},"sceneLighting":true,"audioPlay":false,"sceneViewState":{"showFog":false,"showMaterialUpdate":false,"showSkybox":false,"showFlares":false,"showImageEffects":false,"showParticleSystems":false},"in2DMode":false,"pivot":{"x":1.000931739807129,"y":-0.04212808609008789,"z":6.1396355628967289},"rotation":{"x":0.2557034194469452,"y":0.668661892414093,"z":-0.2646045684814453,"w":0.6461846828460693},"size":10.58961009979248,"orthographic":false}